classification_system,code,code_clean,description,source
snomed-ct,44054006,44054006,Diabetes mellitus type II (Disorder),https://browser.ihtsdotools.org/?perspective=full&conceptId1=44054006&edition=MAIN/2022-03-31&release=&languages=en
icd-10-mc,E08.00,E0800,Diabetes mellitus due to underlying condition with hyperosmolarity without nonketotic hyperglycemic-hyperosmolar coma (NKHHC),https://www.hcup-us.ahrq.gov/toolssoftware/comorbidityicd10/comorbidity_icd10.jsp
icd-10-mc,E08.01,E0801,Diabetes mellitus due to underlying condition with hyperosmolarity with coma,https://www.hcup-us.ahrq.gov/toolssoftware/comorbidityicd10/comorbidity_icd10.jsp
icd-10-mc,E08.10,E0810,Diabetes mellitus due to underlying condition with ketoacidosis without coma,https://www.hcup-us.ahrq.gov/toolssoftware/comorbidityicd10/comorbidity_icd10.jsp
icd-10-mc,E08.11,E0811,Diabetes mellitus due to underlying condition with ketoacidosis with coma,https://www.hcup-us.ahrq.gov/toolssoftware/comorbidityicd10/comorbidity_icd10.jsp
icd-10-mc,E08.21,E0821,Diabetes mellitus due to underlying condition with diabetic nephropathy,https://www.hcup-us.ahrq.gov/toolssoftware/comorbidityicd10/comorbidity_icd10.jsp
icd-10-mc,E08.22,E0822,Diabetes mellitus due to underlying condition with diabetic chronic kidney disease,https://www.hcup-us.ahrq.gov/toolssoftware/comorbidityicd10/comorbidity_icd10.jsp
icd-10-mc,E08.29,E0829,Diabetes mellitus due to underlying condition with other diabetic kidney complication,https://www.hcup-us.ahrq.gov/toolssoftware/comorbidityicd10/comorbidity_icd10.jsp
icd-10-mc,E08.311,E08311,Diabetes mellitus due to underlying condition with unspecified diabetic retinopathy with macular edema,https://www.hcup-us.ahrq.gov/toolssoftware/comorbidityicd10/comorbidity_icd10.jsp
icd-10-mc,E08.319,E08319,Diabetes mellitus due to underlying condition with unspecified diabetic retinopathy without macular edema,https://www.hcup-us.ahrq.gov/toolssoftware/comorbidityicd10/comorbidity_icd10.jsp
icd-10-mc,E08.321,E08321,Diabetes mellitus due to underlying condition with mild nonproliferative diabetic retinopathy with macular edema,https://www.hcup-us.ahrq.gov/toolssoftware/comorbidityicd10/comorbidity_icd10.jsp
icd-10-mc,E08.3211,E083211,"Diabetes mellitus due to underlying condition with mild nonproliferative diabetic retinopathy with macular edema, right eye",https://www.hcup-us.ahrq.gov/toolssoftware/comorbidityicd10/comorbidity_icd10.jsp
icd-10-mc,E08.3212,E083212,"Diabetes mellitus due to underlying condition with mild nonproliferative diabetic retinopathy with macular edema, left eye",https://www.hcup-us.ahrq.gov/toolssoftware/comorbidityicd10/comorbidity_icd10.jsp
icd-10-mc,E08.3213,E083213,"Diabetes mellitus due to underlying condition with mild nonproliferative diabetic retinopathy with macular edema, bilateral",https://www.hcup-us.ahrq.gov/toolssoftware/comorbidityicd10/comorbidity_icd10.jsp
icd-10-mc,E08.3219,E083219,"Diabetes mellitus due to underlying condition with mild nonproliferative diabetic retinopathy with macular edema, unspecified eye",https://www.hcup-us.ahrq.gov/toolssoftware/comorbidityicd10/comorbidity_icd10.jsp
icd-10-mc,E08.329,E08329,Diabetes mellitus due to underlying condition with mild nonproliferative diabetic retinopathy without macular edema,https://www.hcup-us.ahrq.gov/toolssoftware/comorbidityicd10/comorbidity_icd10.jsp
icd-10-mc,E08.3291,E083291,"Diabetes mellitus due to underlying condition with mild nonproliferative diabetic retinopathy without macular edema, right eye",https://www.hcup-us.ahrq.gov/toolssoftware/comorbidityicd10/comorbidity_icd10.jsp
icd-10-mc,E08.3292,E083292,"Diabetes mellitus due to underlying condition with mild nonproliferative diabetic retinopathy without macular edema, left eye",https://www.hcup-us.ahrq.gov/toolssoftware/comorbidityicd10/comorbidity_icd10.jsp
icd-10-mc,E08.3293,E083293,"Diabetes mellitus due to underlying condition with mild nonproliferative diabetic retinopathy without macular edema, bilateral",https://www.hcup-us.ahrq.gov/toolssoftware/comorbidityicd10/comorbidity_icd10.jsp
icd-10-mc,E08.3299,E083299,"Diabetes mellitus due to underlying condition with mild nonproliferative diabetic retinopathy without macular edema, unspecified eye",https://www.hcup-us.ahrq.gov/toolssoftware/comorbidityicd10/comorbidity_icd10.jsp
icd-10-mc,E08.331,E08331,Diabetes mellitus due to underlying condition with moderate nonproliferative diabetic retinopathy with macular edema,https://www.hcup-us.ahrq.gov/toolssoftware/comorbidityicd10/comorbidity_icd10.jsp
icd-10-mc,E08.3311,E083311,"Diabetes mellitus due to underlying condition with moderate nonproliferative diabetic retinopathy with macular edema, right eye",https://www.hcup-us.ahrq.gov/toolssoftware/comorbidityicd10/comorbidity_icd10.jsp
icd-10-mc,E08.3312,E083312,"Diabetes mellitus due to underlying condition with moderate nonproliferative diabetic retinopathy with macular edema, left eye",https://www.hcup-us.ahrq.gov/toolssoftware/comorbidityicd10/comorbidity_icd10.jsp
icd-10-mc,E08.3313,E083313,"Diabetes mellitus due to underlying condition with moderate nonproliferative diabetic retinopathy with macular edema, bilateral",https://www.hcup-us.ahrq.gov/toolssoftware/comorbidityicd10/comorbidity_icd10.jsp
icd-10-mc,E08.3319,E083319,"Diabetes mellitus due to underlying condition with moderate nonproliferative diabetic retinopathy with macular edema, unspecified eye",https://www.hcup-us.ahrq.gov/toolssoftware/comorbidityicd10/comorbidity_icd10.jsp
icd-10-mc,E08.339,E08339,Diabetes mellitus due to underlying condition with moderate nonproliferative diabetic retinopathy without macular edema,https://www.hcup-us.ahrq.gov/toolssoftware/comorbidityicd10/comorbidity_icd10.jsp
icd-10-mc,E08.3391,E083391,"Diabetes mellitus due to underlying condition with moderate nonproliferative diabetic retinopathy without macular edema, right eye",https://www.hcup-us.ahrq.gov/toolssoftware/comorbidityicd10/comorbidity_icd10.jsp
icd-10-mc,E08.3392,E083392,"Diabetes mellitus due to underlying condition with moderate nonproliferative diabetic retinopathy without macular edema, left eye",https://www.hcup-us.ahrq.gov/toolssoftware/comorbidityicd10/comorbidity_icd10.jsp
icd-10-mc,E08.3393,E083393,"Diabetes mellitus due to underlying condition with moderate nonproliferative diabetic retinopathy without macular edema, bilateral",https://www.hcup-us.ahrq.gov/toolssoftware/comorbidityicd10/comorbidity_icd10.jsp
icd-10-mc,E08.3399,E083399,"Diabetes mellitus due to underlying condition with moderate nonproliferative diabetic retinopathy without macular edema, unspecified eye",https://www.hcup-us.ahrq.gov/toolssoftware/comorbidityicd10/comorbidity_icd10.jsp
icd-10-mc,E08.341,E08341,Diabetes mellitus due to underlying condition with severe nonproliferative diabetic retinopathy with macular edema,https://www.hcup-us.ahrq.gov/toolssoftware/comorbidityicd10/comorbidity_icd10.jsp
icd-10-mc,E08.3411,E083411,"Diabetes mellitus due to underlying condition with severe nonproliferative diabetic retinopathy with macular edema, right eye",https://www.hcup-us.ahrq.gov/toolssoftware/comorbidityicd10/comorbidity_icd10.jsp
icd-10-mc,E08.3412,E083412,"Diabetes mellitus due to underlying condition with severe nonproliferative diabetic retinopathy with macular edema, left eye",https://www.hcup-us.ahrq.gov/toolssoftware/comorbidityicd10/comorbidity_icd10.jsp
icd-10-mc,E08.3413,E083413,"Diabetes mellitus due to underlying condition with severe nonproliferative diabetic retinopathy with macular edema, bilateral",https://www.hcup-us.ahrq.gov/toolssoftware/comorbidityicd10/comorbidity_icd10.jsp
icd-10-mc,E08.3419,E083419,"Diabetes mellitus due to underlying condition with severe nonproliferative diabetic retinopathy with macular edema, unspecified eye",https://www.hcup-us.ahrq.gov/toolssoftware/comorbidityicd10/comorbidity_icd10.jsp
icd-10-mc,E08.349,E08349,Diabetes mellitus due to underlying condition with severe nonproliferative diabetic retinopathy without macular edema,https://www.hcup-us.ahrq.gov/toolssoftware/comorbidityicd10/comorbidity_icd10.jsp
icd-10-mc,E08.3491,E083491,"Diabetes mellitus due to underlying condition with severe nonproliferative diabetic retinopathy without macular edema, right eye",https://www.hcup-us.ahrq.gov/toolssoftware/comorbidityicd10/comorbidity_icd10.jsp
icd-10-mc,E08.3492,E083492,"Diabetes mellitus due to underlying condition with severe nonproliferative diabetic retinopathy without macular edema, left eye",https://www.hcup-us.ahrq.gov/toolssoftware/comorbidityicd10/comorbidity_icd10.jsp
icd-10-mc,E08.3493,E083493,"Diabetes mellitus due to underlying condition with severe nonproliferative diabetic retinopathy without macular edema, bilateral",https://www.hcup-us.ahrq.gov/toolssoftware/comorbidityicd10/comorbidity_icd10.jsp
icd-10-mc,E08.3499,E083499,"Diabetes mellitus due to underlying condition with severe nonproliferative diabetic retinopathy without macular edema, unspecified eye",https://www.hcup-us.ahrq.gov/toolssoftware/comorbidityicd10/comorbidity_icd10.jsp
icd-10-mc,E08.351,E08351,Diabetes mellitus due to underlying condition with proliferative diabetic retinopathy with macular edema,https://www.hcup-us.ahrq.gov/toolssoftware/comorbidityicd10/comorbidity_icd10.jsp
icd-10-mc,E08.3511,E083511,"Diabetes mellitus due to underlying condition with proliferative diabetic retinopathy with macular edema, right eye",https://www.hcup-us.ahrq.gov/toolssoftware/comorbidityicd10/comorbidity_icd10.jsp
icd-10-mc,E08.3512,E083512,"Diabetes mellitus due to underlying condition with proliferative diabetic retinopathy with macular edema, left eye",https://www.hcup-us.ahrq.gov/toolssoftware/comorbidityicd10/comorbidity_icd10.jsp
icd-10-mc,E08.3513,E083513,"Diabetes mellitus due to underlying condition with proliferative diabetic retinopathy with macular edema, bilateral",https://www.hcup-us.ahrq.gov/toolssoftware/comorbidityicd10/comorbidity_icd10.jsp
icd-10-mc,E08.3519,E083519,"Diabetes mellitus due to underlying condition with proliferative diabetic retinopathy with macular edema, unspecified eye",https://www.hcup-us.ahrq.gov/toolssoftware/comorbidityicd10/comorbidity_icd10.jsp
icd-10-mc,E08.3521,E083521,"Diabetes mellitus due to underlying condition with proliferative diabetic retinopathy with traction retinal detachment involving the macula, right eye",https://www.hcup-us.ahrq.gov/toolssoftware/comorbidityicd10/comorbidity_icd10.jsp
icd-10-mc,E08.3522,E083522,"Diabetes mellitus due to underlying condition with proliferative diabetic retinopathy with traction retinal detachment involving the macula, left eye",https://www.hcup-us.ahrq.gov/toolssoftware/comorbidityicd10/comorbidity_icd10.jsp
icd-10-mc,E08.3523,E083523,"Diabetes mellitus due to underlying condition with proliferative diabetic retinopathy with traction retinal detachment involving the macula, bilateral",https://www.hcup-us.ahrq.gov/toolssoftware/comorbidityicd10/comorbidity_icd10.jsp
icd-10-mc,E08.3529,E083529,"Diabetes mellitus due to underlying condition with proliferative diabetic retinopathy with traction retinal detachment involving the macula, unspecified eye",https://www.hcup-us.ahrq.gov/toolssoftware/comorbidityicd10/comorbidity_icd10.jsp
icd-10-mc,E08.3531,E083531,"Diabetes mellitus due to underlying condition with proliferative diabetic retinopathy with traction retinal detachment not involving the macula, right eye",https://www.hcup-us.ahrq.gov/toolssoftware/comorbidityicd10/comorbidity_icd10.jsp
icd-10-mc,E08.3532,E083532,"Diabetes mellitus due to underlying condition with proliferative diabetic retinopathy with traction retinal detachment not involving the macula, left eye",https://www.hcup-us.ahrq.gov/toolssoftware/comorbidityicd10/comorbidity_icd10.jsp
icd-10-mc,E08.3533,E083533,"Diabetes mellitus due to underlying condition with proliferative diabetic retinopathy with traction retinal detachment not involving the macula, bilateral",https://www.hcup-us.ahrq.gov/toolssoftware/comorbidityicd10/comorbidity_icd10.jsp
icd-10-mc,E08.3539,E083539,"Diabetes mellitus due to underlying condition with proliferative diabetic retinopathy with traction retinal detachment not involving the macula, unspecified eye",https://www.hcup-us.ahrq.gov/toolssoftware/comorbidityicd10/comorbidity_icd10.jsp
icd-10-mc,E08.3541,E083541,"Diabetes mellitus due to underlying condition with proliferative diabetic retinopathy with combined traction retinal detachment and rhegmatogenous retinal detachment, right eye",https://www.hcup-us.ahrq.gov/toolssoftware/comorbidityicd10/comorbidity_icd10.jsp
icd-10-mc,E08.3542,E083542,"Diabetes mellitus due to underlying condition with proliferative diabetic retinopathy with combined traction retinal detachment and rhegmatogenous retinal detachment, left eye",https://www.hcup-us.ahrq.gov/toolssoftware/comorbidityicd10/comorbidity_icd10.jsp
icd-10-mc,E08.3543,E083543,"Diabetes mellitus due to underlying condition with proliferative diabetic retinopathy with combined traction retinal detachment and rhegmatogenous retinal detachment, bilateral",https://www.hcup-us.ahrq.gov/toolssoftware/comorbidityicd10/comorbidity_icd10.jsp
icd-10-mc,E08.3549,E083549,"Diabetes mellitus due to underlying condition with proliferative diabetic retinopathy with combined traction retinal detachment and rhegmatogenous retinal detachment, unspecified eye",https://www.hcup-us.ahrq.gov/toolssoftware/comorbidityicd10/comorbidity_icd10.jsp
icd-10-mc,E08.3551,E083551,"Diabetes mellitus due to underlying condition with stable proliferative diabetic retinopathy, right eye",https://www.hcup-us.ahrq.gov/toolssoftware/comorbidityicd10/comorbidity_icd10.jsp
icd-10-mc,E08.3552,E083552,"Diabetes mellitus due to underlying condition with stable proliferative diabetic retinopathy, left eye",https://www.hcup-us.ahrq.gov/toolssoftware/comorbidityicd10/comorbidity_icd10.jsp
icd-10-mc,E08.3553,E083553,"Diabetes mellitus due to underlying condition with stable proliferative diabetic retinopathy, bilateral",https://www.hcup-us.ahrq.gov/toolssoftware/comorbidityicd10/comorbidity_icd10.jsp
icd-10-mc,E08.3559,E083559,"Diabetes mellitus due to underlying condition with stable proliferative diabetic retinopathy, unspecified eye",https://www.hcup-us.ahrq.gov/toolssoftware/comorbidityicd10/comorbidity_icd10.jsp
icd-10-mc,E08.359,E08359,Diabetes mellitus due to underlying condition with proliferative diabetic retinopathy without macular edema,https://www.hcup-us.ahrq.gov/toolssoftware/comorbidityicd10/comorbidity_icd10.jsp
icd-10-mc,E08.3591,E083591,"Diabetes mellitus due to underlying condition with proliferative diabetic retinopathy without macular edema, right eye",https://www.hcup-us.ahrq.gov/toolssoftware/comorbidityicd10/comorbidity_icd10.jsp
icd-10-mc,E08.3592,E083592,"Diabetes mellitus due to underlying condition with proliferative diabetic retinopathy without macular edema, left eye",https://www.hcup-us.ahrq.gov/toolssoftware/comorbidityicd10/comorbidity_icd10.jsp
icd-10-mc,E08.3593,E083593,"Diabetes mellitus due to underlying condition with proliferative diabetic retinopathy without macular edema, bilateral",https://www.hcup-us.ahrq.gov/toolssoftware/comorbidityicd10/comorbidity_icd10.jsp
icd-10-mc,E08.3599,E083599,"Diabetes mellitus due to underlying condition with proliferative diabetic retinopathy without macular edema, unspecified eye",https://www.hcup-us.ahrq.gov/toolssoftware/comorbidityicd10/comorbidity_icd10.jsp
icd-10-mc,E08.36,E0836,Diabetes mellitus due to underlying condition with diabetic cataract,https://www.hcup-us.ahrq.gov/toolssoftware/comorbidityicd10/comorbidity_icd10.jsp
icd-10-mc,E08.37X1,E0837X1,"Diabetes mellitus due to underlying condition with diabetic macular edema, resolved following treatment, right eye",https://www.hcup-us.ahrq.gov/toolssoftware/comorbidityicd10/comorbidity_icd10.jsp
icd-10-mc,E08.37X2,E0837X2,"Diabetes mellitus due to underlying condition with diabetic macular edema, resolved following treatment, left eye",https://www.hcup-us.ahrq.gov/toolssoftware/comorbidityicd10/comorbidity_icd10.jsp
icd-10-mc,E08.37X3,E0837X3,"Diabetes mellitus due to underlying condition with diabetic macular edema, resolved following treatment, bilateral",https://www.hcup-us.ahrq.gov/toolssoftware/comorbidityicd10/comorbidity_icd10.jsp
icd-10-mc,E08.37X9,E0837X9,"Diabetes mellitus due to underlying condition with diabetic macular edema, resolved following treatment, unspecified eye",https://www.hcup-us.ahrq.gov/toolssoftware/comorbidityicd10/comorbidity_icd10.jsp
icd-10-mc,E08.39,E0839,Diabetes mellitus due to underlying condition with other diabetic ophthalmic complication,https://www.hcup-us.ahrq.gov/toolssoftware/comorbidityicd10/comorbidity_icd10.jsp
icd-10-mc,E08.40,E0840,"Diabetes mellitus due to underlying condition with diabetic neuropathy, unspecified",https://www.hcup-us.ahrq.gov/toolssoftware/comorbidityicd10/comorbidity_icd10.jsp
icd-10-mc,E08.41,E0841,Diabetes mellitus due to underlying condition with diabetic mononeuropathy,https://www.hcup-us.ahrq.gov/toolssoftware/comorbidityicd10/comorbidity_icd10.jsp
icd-10-mc,E08.42,E0842,Diabetes mellitus due to underlying condition with diabetic polyneuropathy,https://www.hcup-us.ahrq.gov/toolssoftware/comorbidityicd10/comorbidity_icd10.jsp
icd-10-mc,E08.43,E0843,Diabetes mellitus due to underlying condition with diabetic autonomic (poly)neuropathy,https://www.hcup-us.ahrq.gov/toolssoftware/comorbidityicd10/comorbidity_icd10.jsp
icd-10-mc,E08.44,E0844,Diabetes mellitus due to underlying condition with diabetic amyotrophy,https://www.hcup-us.ahrq.gov/toolssoftware/comorbidityicd10/comorbidity_icd10.jsp
icd-10-mc,E08.49,E0849,Diabetes mellitus due to underlying condition with other diabetic neurological complication,https://www.hcup-us.ahrq.gov/toolssoftware/comorbidityicd10/comorbidity_icd10.jsp
icd-10-mc,E08.51,E0851,Diabetes mellitus due to underlying condition with diabetic peripheral angiopathy without gangrene,https://www.hcup-us.ahrq.gov/toolssoftware/comorbidityicd10/comorbidity_icd10.jsp
icd-10-mc,E08.52,E0852,Diabetes mellitus due to underlying condition with diabetic peripheral angiopathy with gangrene,https://www.hcup-us.ahrq.gov/toolssoftware/comorbidityicd10/comorbidity_icd10.jsp
icd-10-mc,E08.59,E0859,Diabetes mellitus due to underlying condition with other circulatory complications,https://www.hcup-us.ahrq.gov/toolssoftware/comorbidityicd10/comorbidity_icd10.jsp
icd-10-mc,E08.610,E08610,Diabetes mellitus due to underlying condition with diabetic neuropathic arthropathy,https://www.hcup-us.ahrq.gov/toolssoftware/comorbidityicd10/comorbidity_icd10.jsp
icd-10-mc,E08.618,E08618,Diabetes mellitus due to underlying condition with other diabetic arthropathy,https://www.hcup-us.ahrq.gov/toolssoftware/comorbidityicd10/comorbidity_icd10.jsp
icd-10-mc,E08.620,E08620,Diabetes mellitus due to underlying condition with diabetic dermatitis,https://www.hcup-us.ahrq.gov/toolssoftware/comorbidityicd10/comorbidity_icd10.jsp
icd-10-mc,E08.621,E08621,Diabetes mellitus due to underlying condition with foot ulcer,https://www.hcup-us.ahrq.gov/toolssoftware/comorbidityicd10/comorbidity_icd10.jsp
icd-10-mc,E08.622,E08622,Diabetes mellitus due to underlying condition with other skin ulcer,https://www.hcup-us.ahrq.gov/toolssoftware/comorbidityicd10/comorbidity_icd10.jsp
icd-10-mc,E08.628,E08628,Diabetes mellitus due to underlying condition with other skin complications,https://www.hcup-us.ahrq.gov/toolssoftware/comorbidityicd10/comorbidity_icd10.jsp
icd-10-mc,E08.630,E08630,Diabetes mellitus due to underlying condition with periodontal disease,https://www.hcup-us.ahrq.gov/toolssoftware/comorbidityicd10/comorbidity_icd10.jsp
icd-10-mc,E08.638,E08638,Diabetes mellitus due to underlying condition with other oral complications,https://www.hcup-us.ahrq.gov/toolssoftware/comorbidityicd10/comorbidity_icd10.jsp
icd-10-mc,E08.641,E08641,Diabetes mellitus due to underlying condition with hypoglycemia with coma,https://www.hcup-us.ahrq.gov/toolssoftware/comorbidityicd10/comorbidity_icd10.jsp
icd-10-mc,E08.649,E08649,Diabetes mellitus due to underlying condition with hypoglycemia without coma,https://www.hcup-us.ahrq.gov/toolssoftware/comorbidityicd10/comorbidity_icd10.jsp
icd-10-mc,E08.65,E0865,Diabetes mellitus due to underlying condition with hyperglycemia,https://www.hcup-us.ahrq.gov/toolssoftware/comorbidityicd10/comorbidity_icd10.jsp
icd-10-mc,E08.69,E0869,Diabetes mellitus due to underlying condition with other specified complication,https://www.hcup-us.ahrq.gov/toolssoftware/comorbidityicd10/comorbidity_icd10.jsp
icd-10-mc,E08.8,E088,Diabetes mellitus due to underlying condition with unspecified complications,https://www.hcup-us.ahrq.gov/toolssoftware/comorbidityicd10/comorbidity_icd10.jsp
icd-10-mc,E08.9,E089,Diabetes mellitus due to underlying condition without complications,https://www.hcup-us.ahrq.gov/toolssoftware/comorbidityicd10/comorbidity_icd10.jsp
icd-10-mc,E11.00,E1100,Type 2 diabetes mellitus with hyperosmolarity without nonketotic hyperglycemic-hyperosmolar coma (NKHHC),https://www.hcup-us.ahrq.gov/toolssoftware/comorbidityicd10/comorbidity_icd10.jsp
icd-10-mc,E11.01,E1101,Type 2 diabetes mellitus with hyperosmolarity with coma,https://www.hcup-us.ahrq.gov/toolssoftware/comorbidityicd10/comorbidity_icd10.jsp
icd-10-mc,E11.10,E1110,Type 2 diabetes mellitus with ketoacidosis without coma,https://www.hcup-us.ahrq.gov/toolssoftware/comorbidityicd10/comorbidity_icd10.jsp
icd-10-mc,E11.11,E1111,Type 2 diabetes mellitus with ketoacidosis with coma,https://www.hcup-us.ahrq.gov/toolssoftware/comorbidityicd10/comorbidity_icd10.jsp
icd-10-mc,E11.21,E1121,Type 2 diabetes mellitus with diabetic nephropathy,https://www.hcup-us.ahrq.gov/toolssoftware/comorbidityicd10/comorbidity_icd10.jsp
icd-10-mc,E11.22,E1122,Type 2 diabetes mellitus with diabetic chronic kidney disease,https://www.hcup-us.ahrq.gov/toolssoftware/comorbidityicd10/comorbidity_icd10.jsp
icd-10-mc,E11.29,E1129,Type 2 diabetes mellitus with other diabetic kidney complication,https://www.hcup-us.ahrq.gov/toolssoftware/comorbidityicd10/comorbidity_icd10.jsp
icd-10-mc,E11.311,E11311,Type 2 diabetes mellitus with unspecified diabetic retinopathy with macular edema,https://www.hcup-us.ahrq.gov/toolssoftware/comorbidityicd10/comorbidity_icd10.jsp
icd-10-mc,E11.319,E11319,Type 2 diabetes mellitus with unspecified diabetic retinopathy without macular edema,https://www.hcup-us.ahrq.gov/toolssoftware/comorbidityicd10/comorbidity_icd10.jsp
icd-10-mc,E11.321,E11321,Type 2 diabetes mellitus with mild nonproliferative diabetic retinopathy with macular edema,https://www.hcup-us.ahrq.gov/toolssoftware/comorbidityicd10/comorbidity_icd10.jsp
icd-10-mc,E11.3211,E113211,"Type 2 diabetes mellitus with mild nonproliferative diabetic retinopathy with macular edema, right eye",https://www.hcup-us.ahrq.gov/toolssoftware/comorbidityicd10/comorbidity_icd10.jsp
icd-10-mc,E11.3212,E113212,"Type 2 diabetes mellitus with mild nonproliferative diabetic retinopathy with macular edema, left eye",https://www.hcup-us.ahrq.gov/toolssoftware/comorbidityicd10/comorbidity_icd10.jsp
icd-10-mc,E11.3213,E113213,"Type 2 diabetes mellitus with mild nonproliferative diabetic retinopathy with macular edema, bilateral",https://www.hcup-us.ahrq.gov/toolssoftware/comorbidityicd10/comorbidity_icd10.jsp
icd-10-mc,E11.3219,E113219,"Type 2 diabetes mellitus with mild nonproliferative diabetic retinopathy with macular edema, unspecified eye",https://www.hcup-us.ahrq.gov/toolssoftware/comorbidityicd10/comorbidity_icd10.jsp
icd-10-mc,E11.329,E11329,Type 2 diabetes mellitus with mild nonproliferative diabetic retinopathy without macular edema,https://www.hcup-us.ahrq.gov/toolssoftware/comorbidityicd10/comorbidity_icd10.jsp
icd-10-mc,E11.3291,E113291,"Type 2 diabetes mellitus with mild nonproliferative diabetic retinopathy without macular edema, right eye",https://www.hcup-us.ahrq.gov/toolssoftware/comorbidityicd10/comorbidity_icd10.jsp
icd-10-mc,E11.3292,E113292,"Type 2 diabetes mellitus with mild nonproliferative diabetic retinopathy without macular edema, left eye",https://www.hcup-us.ahrq.gov/toolssoftware/comorbidityicd10/comorbidity_icd10.jsp
icd-10-mc,E11.3293,E113293,"Type 2 diabetes mellitus with mild nonproliferative diabetic retinopathy without macular edema, bilateral",https://www.hcup-us.ahrq.gov/toolssoftware/comorbidityicd10/comorbidity_icd10.jsp
icd-10-mc,E11.3299,E113299,"Type 2 diabetes mellitus with mild nonproliferative diabetic retinopathy without macular edema, unspecified eye",https://www.hcup-us.ahrq.gov/toolssoftware/comorbidityicd10/comorbidity_icd10.jsp
icd-10-mc,E11.331,E11331,Type 2 diabetes mellitus with moderate nonproliferative diabetic retinopathy with macular edema,https://www.hcup-us.ahrq.gov/toolssoftware/comorbidityicd10/comorbidity_icd10.jsp
icd-10-mc,E11.3311,E113311,"Type 2 diabetes mellitus with moderate nonproliferative diabetic retinopathy with macular edema, right eye",https://www.hcup-us.ahrq.gov/toolssoftware/comorbidityicd10/comorbidity_icd10.jsp
icd-10-mc,E11.3312,E113312,"Type 2 diabetes mellitus with moderate nonproliferative diabetic retinopathy with macular edema, left eye",https://www.hcup-us.ahrq.gov/toolssoftware/comorbidityicd10/comorbidity_icd10.jsp
icd-10-mc,E11.3313,E113313,"Type 2 diabetes mellitus with moderate nonproliferative diabetic retinopathy with macular edema, bilateral",https://www.hcup-us.ahrq.gov/toolssoftware/comorbidityicd10/comorbidity_icd10.jsp
icd-10-mc,E11.3319,E113319,"Type 2 diabetes mellitus with moderate nonproliferative diabetic retinopathy with macular edema, unspecified eye",https://www.hcup-us.ahrq.gov/toolssoftware/comorbidityicd10/comorbidity_icd10.jsp
icd-10-mc,E11.339,E11339,Type 2 diabetes mellitus with moderate nonproliferative diabetic retinopathy without macular edema,https://www.hcup-us.ahrq.gov/toolssoftware/comorbidityicd10/comorbidity_icd10.jsp
icd-10-mc,E11.3391,E113391,"Type 2 diabetes mellitus with moderate nonproliferative diabetic retinopathy without macular edema, right eye",https://www.hcup-us.ahrq.gov/toolssoftware/comorbidityicd10/comorbidity_icd10.jsp
icd-10-mc,E11.3392,E113392,"Type 2 diabetes mellitus with moderate nonproliferative diabetic retinopathy without macular edema, left eye",https://www.hcup-us.ahrq.gov/toolssoftware/comorbidityicd10/comorbidity_icd10.jsp
icd-10-mc,E11.3393,E113393,"Type 2 diabetes mellitus with moderate nonproliferative diabetic retinopathy without macular edema, bilateral",https://www.hcup-us.ahrq.gov/toolssoftware/comorbidityicd10/comorbidity_icd10.jsp
icd-10-mc,E11.3399,E113399,"Type 2 diabetes mellitus with moderate nonproliferative diabetic retinopathy without macular edema, unspecified eye",https://www.hcup-us.ahrq.gov/toolssoftware/comorbidityicd10/comorbidity_icd10.jsp
icd-10-mc,E11.341,E11341,Type 2 diabetes mellitus with severe nonproliferative diabetic retinopathy with macular edema,https://www.hcup-us.ahrq.gov/toolssoftware/comorbidityicd10/comorbidity_icd10.jsp
icd-10-mc,E11.3411,E113411,"Type 2 diabetes mellitus with severe nonproliferative diabetic retinopathy with macular edema, right eye",https://www.hcup-us.ahrq.gov/toolssoftware/comorbidityicd10/comorbidity_icd10.jsp
icd-10-mc,E11.3412,E113412,"Type 2 diabetes mellitus with severe nonproliferative diabetic retinopathy with macular edema, left eye",https://www.hcup-us.ahrq.gov/toolssoftware/comorbidityicd10/comorbidity_icd10.jsp
icd-10-mc,E11.3413,E113413,"Type 2 diabetes mellitus with severe nonproliferative diabetic retinopathy with macular edema, bilateral",https://www.hcup-us.ahrq.gov/toolssoftware/comorbidityicd10/comorbidity_icd10.jsp
icd-10-mc,E11.3419,E113419,"Type 2 diabetes mellitus with severe nonproliferative diabetic retinopathy with macular edema, unspecified eye",https://www.hcup-us.ahrq.gov/toolssoftware/comorbidityicd10/comorbidity_icd10.jsp
icd-10-mc,E11.349,E11349,Type 2 diabetes mellitus with severe nonproliferative diabetic retinopathy without macular edema,https://www.hcup-us.ahrq.gov/toolssoftware/comorbidityicd10/comorbidity_icd10.jsp
icd-10-mc,E11.3491,E113491,"Type 2 diabetes mellitus with severe nonproliferative diabetic retinopathy without macular edema, right eye",https://www.hcup-us.ahrq.gov/toolssoftware/comorbidityicd10/comorbidity_icd10.jsp
icd-10-mc,E11.3492,E113492,"Type 2 diabetes mellitus with severe nonproliferative diabetic retinopathy without macular edema, left eye",https://www.hcup-us.ahrq.gov/toolssoftware/comorbidityicd10/comorbidity_icd10.jsp
icd-10-mc,E11.3493,E113493,"Type 2 diabetes mellitus with severe nonproliferative diabetic retinopathy without macular edema, bilateral",https://www.hcup-us.ahrq.gov/toolssoftware/comorbidityicd10/comorbidity_icd10.jsp
icd-10-mc,E11.3499,E113499,"Type 2 diabetes mellitus with severe nonproliferative diabetic retinopathy without macular edema, unspecified eye",https://www.hcup-us.ahrq.gov/toolssoftware/comorbidityicd10/comorbidity_icd10.jsp
icd-10-mc,E11.351,E11351,Type 2 diabetes mellitus with proliferative diabetic retinopathy with macular edema,https://www.hcup-us.ahrq.gov/toolssoftware/comorbidityicd10/comorbidity_icd10.jsp
icd-10-mc,E11.3511,E113511,"Type 2 diabetes mellitus with proliferative diabetic retinopathy with macular edema, right eye",https://www.hcup-us.ahrq.gov/toolssoftware/comorbidityicd10/comorbidity_icd10.jsp
icd-10-mc,E11.3512,E113512,"Type 2 diabetes mellitus with proliferative diabetic retinopathy with macular edema, left eye",https://www.hcup-us.ahrq.gov/toolssoftware/comorbidityicd10/comorbidity_icd10.jsp
icd-10-mc,E11.3513,E113513,"Type 2 diabetes mellitus with proliferative diabetic retinopathy with macular edema, bilateral",https://www.hcup-us.ahrq.gov/toolssoftware/comorbidityicd10/comorbidity_icd10.jsp
icd-10-mc,E11.3519,E113519,"Type 2 diabetes mellitus with proliferative diabetic retinopathy with macular edema, unspecified eye",https://www.hcup-us.ahrq.gov/toolssoftware/comorbidityicd10/comorbidity_icd10.jsp
icd-10-mc,E11.3521,E113521,"Type 2 diabetes mellitus with proliferative diabetic retinopathy with traction retinal detachment involving the macula, right eye",https://www.hcup-us.ahrq.gov/toolssoftware/comorbidityicd10/comorbidity_icd10.jsp
icd-10-mc,E11.3522,E113522,"Type 2 diabetes mellitus with proliferative diabetic retinopathy with traction retinal detachment involving the macula, left eye",https://www.hcup-us.ahrq.gov/toolssoftware/comorbidityicd10/comorbidity_icd10.jsp
icd-10-mc,E11.3523,E113523,"Type 2 diabetes mellitus with proliferative diabetic retinopathy with traction retinal detachment involving the macula, bilateral",https://www.hcup-us.ahrq.gov/toolssoftware/comorbidityicd10/comorbidity_icd10.jsp
icd-10-mc,E11.3529,E113529,"Type 2 diabetes mellitus with proliferative diabetic retinopathy with traction retinal detachment involving the macula, unspecified eye",https://www.hcup-us.ahrq.gov/toolssoftware/comorbidityicd10/comorbidity_icd10.jsp
icd-10-mc,E11.3531,E113531,"Type 2 diabetes mellitus with proliferative diabetic retinopathy with traction retinal detachment not involving the macula, right eye",https://www.hcup-us.ahrq.gov/toolssoftware/comorbidityicd10/comorbidity_icd10.jsp
icd-10-mc,E11.3532,E113532,"Type 2 diabetes mellitus with proliferative diabetic retinopathy with traction retinal detachment not involving the macula, left eye",https://www.hcup-us.ahrq.gov/toolssoftware/comorbidityicd10/comorbidity_icd10.jsp
icd-10-mc,E11.3533,E113533,"Type 2 diabetes mellitus with proliferative diabetic retinopathy with traction retinal detachment not involving the macula, bilateral",https://www.hcup-us.ahrq.gov/toolssoftware/comorbidityicd10/comorbidity_icd10.jsp
icd-10-mc,E11.3539,E113539,"Type 2 diabetes mellitus with proliferative diabetic retinopathy with traction retinal detachment not involving the macula, unspecified eye",https://www.hcup-us.ahrq.gov/toolssoftware/comorbidityicd10/comorbidity_icd10.jsp
icd-10-mc,E11.3541,E113541,"Type 2 diabetes mellitus with proliferative diabetic retinopathy with combined traction retinal detachment and rhegmatogenous retinal detachment, right eye",https://www.hcup-us.ahrq.gov/toolssoftware/comorbidityicd10/comorbidity_icd10.jsp
icd-10-mc,E11.3542,E113542,"Type 2 diabetes mellitus with proliferative diabetic retinopathy with combined traction retinal detachment and rhegmatogenous retinal detachment, left eye",https://www.hcup-us.ahrq.gov/toolssoftware/comorbidityicd10/comorbidity_icd10.jsp
icd-10-mc,E11.3543,E113543,"Type 2 diabetes mellitus with proliferative diabetic retinopathy with combined traction retinal detachment and rhegmatogenous retinal detachment, bilateral",https://www.hcup-us.ahrq.gov/toolssoftware/comorbidityicd10/comorbidity_icd10.jsp
icd-10-mc,E11.3549,E113549,"Type 2 diabetes mellitus with proliferative diabetic retinopathy with combined traction retinal detachment and rhegmatogenous retinal detachment, unspecified eye",https://www.hcup-us.ahrq.gov/toolssoftware/comorbidityicd10/comorbidity_icd10.jsp
icd-10-mc,E11.3551,E113551,"Type 2 diabetes mellitus with stable proliferative diabetic retinopathy, right eye",https://www.hcup-us.ahrq.gov/toolssoftware/comorbidityicd10/comorbidity_icd10.jsp
icd-10-mc,E11.3552,E113552,"Type 2 diabetes mellitus with stable proliferative diabetic retinopathy, left eye",https://www.hcup-us.ahrq.gov/toolssoftware/comorbidityicd10/comorbidity_icd10.jsp
icd-10-mc,E11.3553,E113553,"Type 2 diabetes mellitus with stable proliferative diabetic retinopathy, bilateral",https://www.hcup-us.ahrq.gov/toolssoftware/comorbidityicd10/comorbidity_icd10.jsp
icd-10-mc,E11.3559,E113559,"Type 2 diabetes mellitus with stable proliferative diabetic retinopathy, unspecified eye",https://www.hcup-us.ahrq.gov/toolssoftware/comorbidityicd10/comorbidity_icd10.jsp
icd-10-mc,E11.359,E11359,Type 2 diabetes mellitus with proliferative diabetic retinopathy without macular edema,https://www.hcup-us.ahrq.gov/toolssoftware/comorbidityicd10/comorbidity_icd10.jsp
icd-10-mc,E11.3591,E113591,"Type 2 diabetes mellitus with proliferative diabetic retinopathy without macular edema, right eye",https://www.hcup-us.ahrq.gov/toolssoftware/comorbidityicd10/comorbidity_icd10.jsp
icd-10-mc,E11.3592,E113592,"Type 2 diabetes mellitus with proliferative diabetic retinopathy without macular edema, left eye",https://www.hcup-us.ahrq.gov/toolssoftware/comorbidityicd10/comorbidity_icd10.jsp
icd-10-mc,E11.3593,E113593,"Type 2 diabetes mellitus with proliferative diabetic retinopathy without macular edema, bilateral",https://www.hcup-us.ahrq.gov/toolssoftware/comorbidityicd10/comorbidity_icd10.jsp
icd-10-mc,E11.3599,E113599,"Type 2 diabetes mellitus with proliferative diabetic retinopathy without macular edema, unspecified eye",https://www.hcup-us.ahrq.gov/toolssoftware/comorbidityicd10/comorbidity_icd10.jsp
icd-10-mc,E11.36,E1136,Type 2 diabetes mellitus with diabetic cataract,https://www.hcup-us.ahrq.gov/toolssoftware/comorbidityicd10/comorbidity_icd10.jsp
icd-10-mc,E11.37X1,E1137X1,"Type 2 diabetes mellitus with diabetic macular edema, resolved following treatment, right eye",https://www.hcup-us.ahrq.gov/toolssoftware/comorbidityicd10/comorbidity_icd10.jsp
icd-10-mc,E11.37X2,E1137X2,"Type 2 diabetes mellitus with diabetic macular edema, resolved following treatment, left eye",https://www.hcup-us.ahrq.gov/toolssoftware/comorbidityicd10/comorbidity_icd10.jsp
icd-10-mc,E11.37X3,E1137X3,"Type 2 diabetes mellitus with diabetic macular edema, resolved following treatment, bilateral",https://www.hcup-us.ahrq.gov/toolssoftware/comorbidityicd10/comorbidity_icd10.jsp
icd-10-mc,E11.37X9,E1137X9,"Type 2 diabetes mellitus with diabetic macular edema, resolved following treatment, unspecified eye",https://www.hcup-us.ahrq.gov/toolssoftware/comorbidityicd10/comorbidity_icd10.jsp
icd-10-mc,E11.39,E1139,Type 2 diabetes mellitus with other diabetic ophthalmic complication,https://www.hcup-us.ahrq.gov/toolssoftware/comorbidityicd10/comorbidity_icd10.jsp
icd-10-mc,E11.40,E1140,"Type 2 diabetes mellitus with diabetic neuropathy, unspecified",https://www.hcup-us.ahrq.gov/toolssoftware/comorbidityicd10/comorbidity_icd10.jsp
icd-10-mc,E11.41,E1141,Type 2 diabetes mellitus with diabetic mononeuropathy,https://www.hcup-us.ahrq.gov/toolssoftware/comorbidityicd10/comorbidity_icd10.jsp
icd-10-mc,E11.42,E1142,Type 2 diabetes mellitus with diabetic polyneuropathy,https://www.hcup-us.ahrq.gov/toolssoftware/comorbidityicd10/comorbidity_icd10.jsp
icd-10-mc,E11.43,E1143,Type 2 diabetes mellitus with diabetic autonomic (poly)neuropathy,https://www.hcup-us.ahrq.gov/toolssoftware/comorbidityicd10/comorbidity_icd10.jsp
icd-10-mc,E11.44,E1144,Type 2 diabetes mellitus with diabetic amyotrophy,https://www.hcup-us.ahrq.gov/toolssoftware/comorbidityicd10/comorbidity_icd10.jsp
icd-10-mc,E11.49,E1149,Type 2 diabetes mellitus with other diabetic neurological complication,https://www.hcup-us.ahrq.gov/toolssoftware/comorbidityicd10/comorbidity_icd10.jsp
icd-10-mc,E11.51,E1151,Type 2 diabetes mellitus with diabetic peripheral angiopathy without gangrene,https://www.hcup-us.ahrq.gov/toolssoftware/comorbidityicd10/comorbidity_icd10.jsp
icd-10-mc,E11.52,E1152,Type 2 diabetes mellitus with diabetic peripheral angiopathy with gangrene,https://www.hcup-us.ahrq.gov/toolssoftware/comorbidityicd10/comorbidity_icd10.jsp
icd-10-mc,E11.59,E1159,Type 2 diabetes mellitus with other circulatory complications,https://www.hcup-us.ahrq.gov/toolssoftware/comorbidityicd10/comorbidity_icd10.jsp
icd-10-mc,E11.610,E11610,Type 2 diabetes mellitus with diabetic neuropathic arthropathy,https://www.hcup-us.ahrq.gov/toolssoftware/comorbidityicd10/comorbidity_icd10.jsp
icd-10-mc,E11.618,E11618,Type 2 diabetes mellitus with other diabetic arthropathy,https://www.hcup-us.ahrq.gov/toolssoftware/comorbidityicd10/comorbidity_icd10.jsp
icd-10-mc,E11.620,E11620,Type 2 diabetes mellitus with diabetic dermatitis,https://www.hcup-us.ahrq.gov/toolssoftware/comorbidityicd10/comorbidity_icd10.jsp
icd-10-mc,E11.621,E11621,Type 2 diabetes mellitus with foot ulcer,https://www.hcup-us.ahrq.gov/toolssoftware/comorbidityicd10/comorbidity_icd10.jsp
icd-10-mc,E11.622,E11622,Type 2 diabetes mellitus with other skin ulcer,https://www.hcup-us.ahrq.gov/toolssoftware/comorbidityicd10/comorbidity_icd10.jsp
icd-10-mc,E11.628,E11628,Type 2 diabetes mellitus with other skin complications,https://www.hcup-us.ahrq.gov/toolssoftware/comorbidityicd10/comorbidity_icd10.jsp
icd-10-mc,E11.630,E11630,Type 2 diabetes mellitus with periodontal disease,https://www.hcup-us.ahrq.gov/toolssoftware/comorbidityicd10/comorbidity_icd10.jsp
icd-10-mc,E11.638,E11638,Type 2 diabetes mellitus with other oral complications,https://www.hcup-us.ahrq.gov/toolssoftware/comorbidityicd10/comorbidity_icd10.jsp
icd-10-mc,E11.641,E11641,Type 2 diabetes mellitus with hypoglycemia with coma,https://www.hcup-us.ahrq.gov/toolssoftware/comorbidityicd10/comorbidity_icd10.jsp
icd-10-mc,E11.649,E11649,Type 2 diabetes mellitus with hypoglycemia without coma,https://www.hcup-us.ahrq.gov/toolssoftware/comorbidityicd10/comorbidity_icd10.jsp
icd-10-mc,E11.65,E1165,Type 2 diabetes mellitus with hyperglycemia,https://www.hcup-us.ahrq.gov/toolssoftware/comorbidityicd10/comorbidity_icd10.jsp
icd-10-mc,E11.69,E1169,Type 2 diabetes mellitus with other specified complication,https://www.hcup-us.ahrq.gov/toolssoftware/comorbidityicd10/comorbidity_icd10.jsp
icd-10-mc,E11.8,E118,Type 2 diabetes mellitus with unspecified complications,https://www.hcup-us.ahrq.gov/toolssoftware/comorbidityicd10/comorbidity_icd10.jsp
icd-10-mc,E11.9,E119,Type 2 diabetes mellitus without complications,https://www.hcup-us.ahrq.gov/toolssoftware/comorbidityicd10/comorbidity_icd10.jsp
icd-10-mc,E13.00,E1300,Other specified diabetes mellitus with hyperosmolarity without nonketotic hyperglycemic-hyperosmolar coma (NKHHC),https://www.hcup-us.ahrq.gov/toolssoftware/comorbidityicd10/comorbidity_icd10.jsp
icd-10-mc,E13.01,E1301,Other specified diabetes mellitus with hyperosmolarity with coma,https://www.hcup-us.ahrq.gov/toolssoftware/comorbidityicd10/comorbidity_icd10.jsp
icd-10-mc,E13.10,E1310,Other specified diabetes mellitus with ketoacidosis without coma,https://www.hcup-us.ahrq.gov/toolssoftware/comorbidityicd10/comorbidity_icd10.jsp
icd-10-mc,E13.11,E1311,Other specified diabetes mellitus with ketoacidosis with coma,https://www.hcup-us.ahrq.gov/toolssoftware/comorbidityicd10/comorbidity_icd10.jsp
icd-10-mc,E13.21,E1321,Other specified diabetes mellitus with diabetic nephropathy,https://www.hcup-us.ahrq.gov/toolssoftware/comorbidityicd10/comorbidity_icd10.jsp
icd-10-mc,E13.22,E1322,Other specified diabetes mellitus with diabetic chronic kidney disease,https://www.hcup-us.ahrq.gov/toolssoftware/comorbidityicd10/comorbidity_icd10.jsp
icd-10-mc,E13.29,E1329,Other specified diabetes mellitus with other diabetic kidney complication,https://www.hcup-us.ahrq.gov/toolssoftware/comorbidityicd10/comorbidity_icd10.jsp
icd-10-mc,E13.311,E13311,Other specified diabetes mellitus with unspecified diabetic retinopathy with macular edema,https://www.hcup-us.ahrq.gov/toolssoftware/comorbidityicd10/comorbidity_icd10.jsp
icd-10-mc,E13.319,E13319,Other specified diabetes mellitus with unspecified diabetic retinopathy without macular edema,https://www.hcup-us.ahrq.gov/toolssoftware/comorbidityicd10/comorbidity_icd10.jsp
icd-10-mc,E13.321,E13321,Other specified diabetes mellitus with mild nonproliferative diabetic retinopathy with macular edema,https://www.hcup-us.ahrq.gov/toolssoftware/comorbidityicd10/comorbidity_icd10.jsp
icd-10-mc,E13.3211,E133211,"Other specified diabetes mellitus with mild nonproliferative diabetic retinopathy with macular edema, right eye",https://www.hcup-us.ahrq.gov/toolssoftware/comorbidityicd10/comorbidity_icd10.jsp
icd-10-mc,E13.3212,E133212,"Other specified diabetes mellitus with mild nonproliferative diabetic retinopathy with macular edema, left eye",https://www.hcup-us.ahrq.gov/toolssoftware/comorbidityicd10/comorbidity_icd10.jsp
icd-10-mc,E13.3213,E133213,"Other specified diabetes mellitus with mild nonproliferative diabetic retinopathy with macular edema, bilateral",https://www.hcup-us.ahrq.gov/toolssoftware/comorbidityicd10/comorbidity_icd10.jsp
icd-10-mc,E13.3219,E133219,"Other specified diabetes mellitus with mild nonproliferative diabetic retinopathy with macular edema, unspecified eye",https://www.hcup-us.ahrq.gov/toolssoftware/comorbidityicd10/comorbidity_icd10.jsp
icd-10-mc,E13.329,E13329,Other specified diabetes mellitus with mild nonproliferative diabetic retinopathy without macular edema,https://www.hcup-us.ahrq.gov/toolssoftware/comorbidityicd10/comorbidity_icd10.jsp
icd-10-mc,E13.3291,E133291,"Other specified diabetes mellitus with mild nonproliferative diabetic retinopathy without macular edema, right eye",https://www.hcup-us.ahrq.gov/toolssoftware/comorbidityicd10/comorbidity_icd10.jsp
icd-10-mc,E13.3292,E133292,"Other specified diabetes mellitus with mild nonproliferative diabetic retinopathy without macular edema, left eye",https://www.hcup-us.ahrq.gov/toolssoftware/comorbidityicd10/comorbidity_icd10.jsp
icd-10-mc,E13.3293,E133293,"Other specified diabetes mellitus with mild nonproliferative diabetic retinopathy without macular edema, bilateral",https://www.hcup-us.ahrq.gov/toolssoftware/comorbidityicd10/comorbidity_icd10.jsp
icd-10-mc,E13.3299,E133299,"Other specified diabetes mellitus with mild nonproliferative diabetic retinopathy without macular edema, unspecified eye",https://www.hcup-us.ahrq.gov/toolssoftware/comorbidityicd10/comorbidity_icd10.jsp
icd-10-mc,E13.331,E13331,Other specified diabetes mellitus with moderate nonproliferative diabetic retinopathy with macular edema,https://www.hcup-us.ahrq.gov/toolssoftware/comorbidityicd10/comorbidity_icd10.jsp
icd-10-mc,E13.3311,E133311,"Other specified diabetes mellitus with moderate nonproliferative diabetic retinopathy with macular edema, right eye",https://www.hcup-us.ahrq.gov/toolssoftware/comorbidityicd10/comorbidity_icd10.jsp
icd-10-mc,E13.3312,E133312,"Other specified diabetes mellitus with moderate nonproliferative diabetic retinopathy with macular edema, left eye",https://www.hcup-us.ahrq.gov/toolssoftware/comorbidityicd10/comorbidity_icd10.jsp
icd-10-mc,E13.3313,E133313,"Other specified diabetes mellitus with moderate nonproliferative diabetic retinopathy with macular edema, bilateral",https://www.hcup-us.ahrq.gov/toolssoftware/comorbidityicd10/comorbidity_icd10.jsp
icd-10-mc,E13.3319,E133319,"Other specified diabetes mellitus with moderate nonproliferative diabetic retinopathy with macular edema, unspecified eye",https://www.hcup-us.ahrq.gov/toolssoftware/comorbidityicd10/comorbidity_icd10.jsp
icd-10-mc,E13.339,E13339,Other specified diabetes mellitus with moderate nonproliferative diabetic retinopathy without macular edema,https://www.hcup-us.ahrq.gov/toolssoftware/comorbidityicd10/comorbidity_icd10.jsp
icd-10-mc,E13.3391,E133391,"Other specified diabetes mellitus with moderate nonproliferative diabetic retinopathy without macular edema, right eye",https://www.hcup-us.ahrq.gov/toolssoftware/comorbidityicd10/comorbidity_icd10.jsp
icd-10-mc,E13.3392,E133392,"Other specified diabetes mellitus with moderate nonproliferative diabetic retinopathy without macular edema, left eye",https://www.hcup-us.ahrq.gov/toolssoftware/comorbidityicd10/comorbidity_icd10.jsp
icd-10-mc,E13.3393,E133393,"Other specified diabetes mellitus with moderate nonproliferative diabetic retinopathy without macular edema, bilateral",https://www.hcup-us.ahrq.gov/toolssoftware/comorbidityicd10/comorbidity_icd10.jsp
icd-10-mc,E13.3399,E133399,"Other specified diabetes mellitus with moderate nonproliferative diabetic retinopathy without macular edema, unspecified eye",https://www.hcup-us.ahrq.gov/toolssoftware/comorbidityicd10/comorbidity_icd10.jsp
icd-10-mc,E13.341,E13341,Other specified diabetes mellitus with severe nonproliferative diabetic retinopathy with macular edema,https://www.hcup-us.ahrq.gov/toolssoftware/comorbidityicd10/comorbidity_icd10.jsp
icd-10-mc,E13.3411,E133411,"Other specified diabetes mellitus with severe nonproliferative diabetic retinopathy with macular edema, right eye",https://www.hcup-us.ahrq.gov/toolssoftware/comorbidityicd10/comorbidity_icd10.jsp
icd-10-mc,E13.3412,E133412,"Other specified diabetes mellitus with severe nonproliferative diabetic retinopathy with macular edema, left eye",https://www.hcup-us.ahrq.gov/toolssoftware/comorbidityicd10/comorbidity_icd10.jsp
icd-10-mc,E13.3413,E133413,"Other specified diabetes mellitus with severe nonproliferative diabetic retinopathy with macular edema, bilateral",https://www.hcup-us.ahrq.gov/toolssoftware/comorbidityicd10/comorbidity_icd10.jsp
icd-10-mc,E13.3419,E133419,"Other specified diabetes mellitus with severe nonproliferative diabetic retinopathy with macular edema, unspecified eye",https://www.hcup-us.ahrq.gov/toolssoftware/comorbidityicd10/comorbidity_icd10.jsp
icd-10-mc,E13.349,E13349,Other specified diabetes mellitus with severe nonproliferative diabetic retinopathy without macular edema,https://www.hcup-us.ahrq.gov/toolssoftware/comorbidityicd10/comorbidity_icd10.jsp
icd-10-mc,E13.3491,E133491,"Other specified diabetes mellitus with severe nonproliferative diabetic retinopathy without macular edema, right eye",https://www.hcup-us.ahrq.gov/toolssoftware/comorbidityicd10/comorbidity_icd10.jsp
icd-10-mc,E13.3492,E133492,"Other specified diabetes mellitus with severe nonproliferative diabetic retinopathy without macular edema, left eye",https://www.hcup-us.ahrq.gov/toolssoftware/comorbidityicd10/comorbidity_icd10.jsp
icd-10-mc,E13.3493,E133493,"Other specified diabetes mellitus with severe nonproliferative diabetic retinopathy without macular edema, bilateral",https://www.hcup-us.ahrq.gov/toolssoftware/comorbidityicd10/comorbidity_icd10.jsp
icd-10-mc,E13.3499,E133499,"Other specified diabetes mellitus with severe nonproliferative diabetic retinopathy without macular edema, unspecified eye",https://www.hcup-us.ahrq.gov/toolssoftware/comorbidityicd10/comorbidity_icd10.jsp
icd-10-mc,E13.351,E13351,Other specified diabetes mellitus with proliferative diabetic retinopathy with macular edema,https://www.hcup-us.ahrq.gov/toolssoftware/comorbidityicd10/comorbidity_icd10.jsp
icd-10-mc,E13.3511,E133511,"Other specified diabetes mellitus with proliferative diabetic retinopathy with macular edema, right eye",https://www.hcup-us.ahrq.gov/toolssoftware/comorbidityicd10/comorbidity_icd10.jsp
icd-10-mc,E13.3512,E133512,"Other specified diabetes mellitus with proliferative diabetic retinopathy with macular edema, left eye",https://www.hcup-us.ahrq.gov/toolssoftware/comorbidityicd10/comorbidity_icd10.jsp
icd-10-mc,E13.3513,E133513,"Other specified diabetes mellitus with proliferative diabetic retinopathy with macular edema, bilateral",https://www.hcup-us.ahrq.gov/toolssoftware/comorbidityicd10/comorbidity_icd10.jsp
icd-10-mc,E13.3519,E133519,"Other specified diabetes mellitus with proliferative diabetic retinopathy with macular edema, unspecified eye",https://www.hcup-us.ahrq.gov/toolssoftware/comorbidityicd10/comorbidity_icd10.jsp
icd-10-mc,E13.3521,E133521,"Other specified diabetes mellitus with proliferative diabetic retinopathy with traction retinal detachment involving the macula, right eye",https://www.hcup-us.ahrq.gov/toolssoftware/comorbidityicd10/comorbidity_icd10.jsp
icd-10-mc,E13.3522,E133522,"Other specified diabetes mellitus with proliferative diabetic retinopathy with traction retinal detachment involving the macula, left eye",https://www.hcup-us.ahrq.gov/toolssoftware/comorbidityicd10/comorbidity_icd10.jsp
icd-10-mc,E13.3523,E133523,"Other specified diabetes mellitus with proliferative diabetic retinopathy with traction retinal detachment involving the macula, bilateral",https://www.hcup-us.ahrq.gov/toolssoftware/comorbidityicd10/comorbidity_icd10.jsp
icd-10-mc,E13.3529,E133529,"Other specified diabetes mellitus with proliferative diabetic retinopathy with traction retinal detachment involving the macula, unspecified eye",https://www.hcup-us.ahrq.gov/toolssoftware/comorbidityicd10/comorbidity_icd10.jsp
icd-10-mc,E13.3531,E133531,"Other specified diabetes mellitus with proliferative diabetic retinopathy with traction retinal detachment not involving the macula, right eye",https://www.hcup-us.ahrq.gov/toolssoftware/comorbidityicd10/comorbidity_icd10.jsp
icd-10-mc,E13.3532,E133532,"Other specified diabetes mellitus with proliferative diabetic retinopathy with traction retinal detachment not involving the macula, left eye",https://www.hcup-us.ahrq.gov/toolssoftware/comorbidityicd10/comorbidity_icd10.jsp
icd-10-mc,E13.3533,E133533,"Other specified diabetes mellitus with proliferative diabetic retinopathy with traction retinal detachment not involving the macula, bilateral",https://www.hcup-us.ahrq.gov/toolssoftware/comorbidityicd10/comorbidity_icd10.jsp
icd-10-mc,E13.3539,E133539,"Other specified diabetes mellitus with proliferative diabetic retinopathy with traction retinal detachment not involving the macula, unspecified eye",https://www.hcup-us.ahrq.gov/toolssoftware/comorbidityicd10/comorbidity_icd10.jsp
icd-10-mc,E13.3541,E133541,"Other specified diabetes mellitus with proliferative diabetic retinopathy with combined traction retinal detachment and rhegmatogenous retinal detachment, right eye",https://www.hcup-us.ahrq.gov/toolssoftware/comorbidityicd10/comorbidity_icd10.jsp
icd-10-mc,E13.3542,E133542,"Other specified diabetes mellitus with proliferative diabetic retinopathy with combined traction retinal detachment and rhegmatogenous retinal detachment, left eye",https://www.hcup-us.ahrq.gov/toolssoftware/comorbidityicd10/comorbidity_icd10.jsp
icd-10-mc,E13.3543,E133543,"Other specified diabetes mellitus with proliferative diabetic retinopathy with combined traction retinal detachment and rhegmatogenous retinal detachment, bilateral",https://www.hcup-us.ahrq.gov/toolssoftware/comorbidityicd10/comorbidity_icd10.jsp
icd-10-mc,E13.3549,E133549,"Other specified diabetes mellitus with proliferative diabetic retinopathy with combined traction retinal detachment and rhegmatogenous retinal detachment, unspecified eye",https://www.hcup-us.ahrq.gov/toolssoftware/comorbidityicd10/comorbidity_icd10.jsp
icd-10-mc,E13.3551,E133551,"Other specified diabetes mellitus with stable proliferative diabetic retinopathy, right eye",https://www.hcup-us.ahrq.gov/toolssoftware/comorbidityicd10/comorbidity_icd10.jsp
icd-10-mc,E13.3552,E133552,"Other specified diabetes mellitus with stable proliferative diabetic retinopathy, left eye",https://www.hcup-us.ahrq.gov/toolssoftware/comorbidityicd10/comorbidity_icd10.jsp
icd-10-mc,E13.3553,E133553,"Other specified diabetes mellitus with stable proliferative diabetic retinopathy, bilateral",https://www.hcup-us.ahrq.gov/toolssoftware/comorbidityicd10/comorbidity_icd10.jsp
icd-10-mc,E13.3559,E133559,"Other specified diabetes mellitus with stable proliferative diabetic retinopathy, unspecified eye",https://www.hcup-us.ahrq.gov/toolssoftware/comorbidityicd10/comorbidity_icd10.jsp
icd-10-mc,E13.359,E13359,Other specified diabetes mellitus with proliferative diabetic retinopathy without macular edema,https://www.hcup-us.ahrq.gov/toolssoftware/comorbidityicd10/comorbidity_icd10.jsp
icd-10-mc,E13.3591,E133591,"Other specified diabetes mellitus with proliferative diabetic retinopathy without macular edema, right eye",https://www.hcup-us.ahrq.gov/toolssoftware/comorbidityicd10/comorbidity_icd10.jsp
icd-10-mc,E13.3592,E133592,"Other specified diabetes mellitus with proliferative diabetic retinopathy without macular edema, left eye",https://www.hcup-us.ahrq.gov/toolssoftware/comorbidityicd10/comorbidity_icd10.jsp
icd-10-mc,E13.3593,E133593,"Other specified diabetes mellitus with proliferative diabetic retinopathy without macular edema, bilateral",https://www.hcup-us.ahrq.gov/toolssoftware/comorbidityicd10/comorbidity_icd10.jsp
icd-10-mc,E13.3599,E133599,"Other specified diabetes mellitus with proliferative diabetic retinopathy without macular edema, unspecified eye",https://www.hcup-us.ahrq.gov/toolssoftware/comorbidityicd10/comorbidity_icd10.jsp
icd-10-mc,E13.36,E1336,Other specified diabetes mellitus with diabetic cataract,https://www.hcup-us.ahrq.gov/toolssoftware/comorbidityicd10/comorbidity_icd10.jsp
icd-10-mc,E13.37X1,E1337X1,"Other specified diabetes mellitus with diabetic macular edema, resolved following treatment, right eye",https://www.hcup-us.ahrq.gov/toolssoftware/comorbidityicd10/comorbidity_icd10.jsp
icd-10-mc,E13.37X2,E1337X2,"Other specified diabetes mellitus with diabetic macular edema, resolved following treatment, left eye",https://www.hcup-us.ahrq.gov/toolssoftware/comorbidityicd10/comorbidity_icd10.jsp
icd-10-mc,E13.37X3,E1337X3,"Other specified diabetes mellitus with diabetic macular edema, resolved following treatment, bilateral",https://www.hcup-us.ahrq.gov/toolssoftware/comorbidityicd10/comorbidity_icd10.jsp
icd-10-mc,E13.37X9,E1337X9,"Other specified diabetes mellitus with diabetic macular edema, resolved following treatment, unspecified eye",https://www.hcup-us.ahrq.gov/toolssoftware/comorbidityicd10/comorbidity_icd10.jsp
icd-10-mc,E13.39,E1339,Other specified diabetes mellitus with other diabetic ophthalmic complication,https://www.hcup-us.ahrq.gov/toolssoftware/comorbidityicd10/comorbidity_icd10.jsp
icd-10-mc,E13.40,E1340,"Other specified diabetes mellitus with diabetic neuropathy, unspecified",https://www.hcup-us.ahrq.gov/toolssoftware/comorbidityicd10/comorbidity_icd10.jsp
icd-10-mc,E13.41,E1341,Other specified diabetes mellitus with diabetic mononeuropathy,https://www.hcup-us.ahrq.gov/toolssoftware/comorbidityicd10/comorbidity_icd10.jsp
icd-10-mc,E13.42,E1342,Other specified diabetes mellitus with diabetic polyneuropathy,https://www.hcup-us.ahrq.gov/toolssoftware/comorbidityicd10/comorbidity_icd10.jsp
icd-10-mc,E13.43,E1343,Other specified diabetes mellitus with diabetic autonomic (poly)neuropathy,https://www.hcup-us.ahrq.gov/toolssoftware/comorbidityicd10/comorbidity_icd10.jsp
icd-10-mc,E13.44,E1344,Other specified diabetes mellitus with diabetic amyotrophy,https://www.hcup-us.ahrq.gov/toolssoftware/comorbidityicd10/comorbidity_icd10.jsp
icd-10-mc,E13.49,E1349,Other specified diabetes mellitus with other diabetic neurological complication,https://www.hcup-us.ahrq.gov/toolssoftware/comorbidityicd10/comorbidity_icd10.jsp
icd-10-mc,E13.51,E1351,Other specified diabetes mellitus with diabetic peripheral angiopathy without gangrene,https://www.hcup-us.ahrq.gov/toolssoftware/comorbidityicd10/comorbidity_icd10.jsp
icd-10-mc,E13.52,E1352,Other specified diabetes mellitus with diabetic peripheral angiopathy with gangrene,https://www.hcup-us.ahrq.gov/toolssoftware/comorbidityicd10/comorbidity_icd10.jsp
icd-10-mc,E13.59,E1359,Other specified diabetes mellitus with other circulatory complications,https://www.hcup-us.ahrq.gov/toolssoftware/comorbidityicd10/comorbidity_icd10.jsp
icd-10-mc,E13.610,E13610,Other specified diabetes mellitus with diabetic neuropathic arthropathy,https://www.hcup-us.ahrq.gov/toolssoftware/comorbidityicd10/comorbidity_icd10.jsp
icd-10-mc,E13.618,E13618,Other specified diabetes mellitus with other diabetic arthropathy,https://www.hcup-us.ahrq.gov/toolssoftware/comorbidityicd10/comorbidity_icd10.jsp
icd-10-mc,E13.620,E13620,Other specified diabetes mellitus with diabetic dermatitis,https://www.hcup-us.ahrq.gov/toolssoftware/comorbidityicd10/comorbidity_icd10.jsp
icd-10-mc,E13.621,E13621,Other specified diabetes mellitus with foot ulcer,https://www.hcup-us.ahrq.gov/toolssoftware/comorbidityicd10/comorbidity_icd10.jsp
icd-10-mc,E13.622,E13622,Other specified diabetes mellitus with other skin ulcer,https://www.hcup-us.ahrq.gov/toolssoftware/comorbidityicd10/comorbidity_icd10.jsp
icd-10-mc,E13.628,E13628,Other specified diabetes mellitus with other skin complications,https://www.hcup-us.ahrq.gov/toolssoftware/comorbidityicd10/comorbidity_icd10.jsp
icd-10-mc,E13.630,E13630,Other specified diabetes mellitus with periodontal disease,https://www.hcup-us.ahrq.gov/toolssoftware/comorbidityicd10/comorbidity_icd10.jsp
icd-10-mc,E13.638,E13638,Other specified diabetes mellitus with other oral complications,https://www.hcup-us.ahrq.gov/toolssoftware/comorbidityicd10/comorbidity_icd10.jsp
icd-10-mc,E13.641,E13641,Other specified diabetes mellitus with hypoglycemia with coma,https://www.hcup-us.ahrq.gov/toolssoftware/comorbidityicd10/comorbidity_icd10.jsp
icd-10-mc,E13.649,E13649,Other specified diabetes mellitus with hypoglycemia without coma,https://www.hcup-us.ahrq.gov/toolssoftware/comorbidityicd10/comorbidity_icd10.jsp
icd-10-mc,E13.65,E1365,Other specified diabetes mellitus with hyperglycemia,https://www.hcup-us.ahrq.gov/toolssoftware/comorbidityicd10/comorbidity_icd10.jsp
icd-10-mc,E13.69,E1369,Other specified diabetes mellitus with other specified complication,https://www.hcup-us.ahrq.gov/toolssoftware/comorbidityicd10/comorbidity_icd10.jsp
icd-10-mc,E13.8,E138,Other specified diabetes mellitus with unspecified complications,https://www.hcup-us.ahrq.gov/toolssoftware/comorbidityicd10/comorbidity_icd10.jsp
icd-10-mc,E13.9,E139,Other specified diabetes mellitus without complications,https://www.hcup-us.ahrq.gov/toolssoftware/comorbidityicd10/comorbidity_icd10.jsp
icd-09-mc,249.30,24930,"Secondary diabetes mellitus with other coma , not listed as uncontrolled or unspecified",https://www.hcup-us.ahrq.gov/toolssoftware/comorbidityicd10/comorbidity_icd10.jsp
icd-09-mc,249.40,24940,"Secondary diabetes mellitus with renal manifestations , not listed as uncontrolled or not specified",https://www.hcup-us.ahrq.gov/toolssoftware/comorbidityicd10/comorbidity_icd10.jsp
icd-09-mc,249.50,24950,"Secondary diabetes mellitus with ophthalmic manifestations, not listed as uncontrolled or not specified",https://www.hcup-us.ahrq.gov/toolssoftware/comorbidityicd10/comorbidity_icd10.jsp
icd-09-mc,249.60,24960,"Secondary diabetes mellitus with neurological manifestations , not listed as uncontrolled or not specified",https://www.hcup-us.ahrq.gov/toolssoftware/comorbidityicd10/comorbidity_icd10.jsp
icd-09-mc,249.70,24970,"Secondary diabetes mellitus with peripheral circulatory disorders , not listed as uncontrolled or not specified",https://www.hcup-us.ahrq.gov/toolssoftware/comorbidityicd10/comorbidity_icd10.jsp
icd-09-mc,249.80,24980,"Secondary diabetes mellitus with other specified manifestations , not listed as uncontrolled or not specified",https://www.hcup-us.ahrq.gov/toolssoftware/comorbidityicd10/comorbidity_icd10.jsp
icd-09-mc,249.90,24990,"Secondary diabetes mellitus with unspecified complication , not stated as uncontrolled or unspecified",https://www.hcup-us.ahrq.gov/toolssoftware/comorbidityicd10/comorbidity_icd10.jsp
icd-09-mc,250.30,25030,"Diabetes mellitus with other coma, type ii or not esp. not indicated as uncontrolled",https://www.hcup-us.ahrq.gov/toolssoftware/comorbidityicd10/comorbidity_icd10.jsp
icd-09-mc,250.31,25031,"Diabetes mellitus with other comma, type i , not indicated as uncontrolled",https://www.hcup-us.ahrq.gov/toolssoftware/comorbidityicd10/comorbidity_icd10.jsp
icd-09-mc,250.40,25040,"Diabetes mellitus with renal manif. renal manifestations, type ii or not esp. not indicated as uncontrolled",https://www.hcup-us.ahrq.gov/toolssoftware/comorbidityicd10/comorbidity_icd10.jsp
icd-09-mc,250.41,25041,"Diabetes mellitus with renal manif. renal manifestations, type i , not indicated as uncontrolled",https://www.hcup-us.ahrq.gov/toolssoftware/comorbidityicd10/comorbidity_icd10.jsp
icd-09-mc,250.50,25050,"Diabetes mellitus with type i renal manifestations, not indicated as uncontrolled oftalm. type ii or non esp. not indicated as uncontrolled",https://www.hcup-us.ahrq.gov/toolssoftware/comorbidityicd10/comorbidity_icd10.jsp
icd-09-mc,250.51,25051,"Diabetes mellitus with manif. oftalm. type i , not indicated as uncontrolled",https://www.hcup-us.ahrq.gov/toolssoftware/comorbidityicd10/comorbidity_icd10.jsp
icd-09-mc,250.60,25060,Diabetes mellitus with manif. neurol. type ii or non esp. not indicated as uncontrolled,https://www.hcup-us.ahrq.gov/toolssoftware/comorbidityicd10/comorbidity_icd10.jsp
icd-09-mc,250.61,25061,"Diabetes mellitus with manif. neurol. type i , not indicated as uncontrolled",https://www.hcup-us.ahrq.gov/toolssoftware/comorbidityicd10/comorbidity_icd10.jsp
icd-09-mc,250.70,25070,Diabetes mellitus with manif. circ. circ. type ii or not esp. not indicated as uncontrolled,https://www.hcup-us.ahrq.gov/toolssoftware/comorbidityicd10/comorbidity_icd10.jsp
icd-09-mc,250.71,25071,"Diabetes mellitus with manif. circ. perif. type i , not indicated as uncontrolled",https://www.hcup-us.ahrq.gov/toolssoftware/comorbidityicd10/comorbidity_icd10.jsp
icd-09-mc,250.80,25080,Diabetes mellitus with other manif. type ii or not esp. not indicated as uncontrolled,https://www.hcup-us.ahrq.gov/toolssoftware/comorbidityicd10/comorbidity_icd10.jsp
icd-09-mc,250.81,25081,"Diabetes mellitus with other type i manif. type i, not indicated as uncontrolled",https://www.hcup-us.ahrq.gov/toolssoftware/comorbidityicd10/comorbidity_icd10.jsp
icd-09-mc,250.90,25090,Diabetes compl. non sp. type ii or non esp. not indicated as uncontrolled,https://www.hcup-us.ahrq.gov/toolssoftware/comorbidityicd10/comorbidity_icd10.jsp
icd-09-mc,249.00,24900,"Secondary diabetes mellitus with no mention of complication , not listed as uncontrolled or unspecified",https://www.hcup-us.ahrq.gov/toolssoftware/comorbidityicd10/comorbidity_icd10.jsp
icd-09-mc,249.10,24910,"Secondary diabetes mellitus with diabetic acidosis , not listed as uncontrolled or unspecified",https://www.hcup-us.ahrq.gov/toolssoftware/comorbidityicd10/comorbidity_icd10.jsp
icd-09-mc,249.20,24920,"Secondary diabetes mellitus with hyperosmolarity , not listed as uncontrolled or not specified",https://www.hcup-us.ahrq.gov/toolssoftware/comorbidityicd10/comorbidity_icd10.jsp
icd-09-mc,249.30,24930,"Secondary diabetes mellitus with other coma , not listed as uncontrolled or not specified",https://www.hcup-us.ahrq.gov/toolssoftware/comorbidityicd10/comorbidity_icd10.jsp
icd-09-mc,250.00,25000,Diabetes mellitus. without mention of complic. type ii or non-specific diabetes mellitus. not listed as uncontrolled,https://www.hcup-us.ahrq.gov/toolssoftware/comorbidityicd10/comorbidity_icd10.jsp
icd-09-mc,250.10,25010,"Diabetes mellitus with type ii or non-specific ketoacidosis, not indicated as uncontrolled. not indicated as uncontrolled",https://www.hcup-us.ahrq.gov/toolssoftware/comorbidityicd10/comorbidity_icd10.jsp
icd-09-mc,250.20,25020,"Diabetes mellitus with hyperosmolarity type ii or non-specific, not indicated as uncontrolled. not indicated as uncontrolled",https://www.hcup-us.ahrq.gov/toolssoftware/comorbidityicd10/comorbidity_icd10.jsp
icd-09-mc,250.30,25030,"Diabetes mellitus with other coma, type ii or non-specific, not indicated as uncontrolled. not indicated as uncontrolled",https://www.hcup-us.ahrq.gov/toolssoftware/comorbidityicd10/comorbidity_icd10.jsp
e90 (belgian pseudopathology codes),adg07,e90_dicv_bis (FL_E90_DICV_BIS),Diabetes mellitus with cardiovascular disease,
e90 (belgian pseudopathology codes),adg08,e90_dmai (FL_E90_DMAI),Diabetes mellitus with insulin,
